name,prefecture_code,address,access,description,period,checkin,checkout,phone,contact_link
しょうぶ谷キャンプ場,40,福岡県北九州市若松区小石,北九州都市高速若戸出口ICから若戸大橋を渡り若松区へ。国道495号で芦屋方面へ進み、一般道を経由して現地。,・テントサイト　25張分 ・炊事棟、トイレ、ファイヤーサークル、野外炉、駐車場18台分,通年営業,フリー,フリー,093-771-5136,https://www.city.kitakyushu.lg.jp/ko-katei/11901008.html
北山キャンプ場,41,佐賀県佐賀市富士町関屋,,・サイト数60,通年営業,12：00,11:00,0952-56-2922,https://www.sagabai.com/main/?cont=kanko&fid=3
直方オートキャンプ場,40,福岡県直方市新町先,・九州自動車道八幡東ICから国道200号線で直方市方面へ進む。日の出橋渡り左折すると直方市役所・直方警察署が見え、その左側河川敷が現。,"・オートサイト　15区画
・水場、トイレ、芝生広場",通年営業,フリー,フリー,0949-25-2200,https://www.city.nogata.fukuoka.jp/kanko/_1226/_1757.html
大賀キャンプ場,42,長崎県平戸市大島村西宇戸,平戸桟橋からフェリーに乗船し45分　的山港から車で約15分,"・フリーサイト
・炊事場
・休憩棟",通年営業,フリー,フリー,0950-55-2511,https://www.city.hirado.nagasaki.jp/kurashi/gyosei/city/facilities/fct07.html
天の原キャンプ場,42,長崎県平戸市大島村大根坂,平戸桟橋からフェリーに乗船し45分　的山港から車で約15分,"・フリーサイト
・炊事場
・トイレ",通年営業,フリー,フリー,0950-22-4111,https://www.hirado-net.com/?post_type=tourism&p=7274
シンリ浜海浜公園,47,沖縄県島尻郡久米島町大原南開113,久米島兼城港から県道89号で久米島空港方面へ進み、県道245号に入り現。久米島兼城港から5km,トイレなど,通年営業,フリー,フリー,098-985-7126,http://www.town.kumejima.okinawa.jp/docs/2020012900097/
立岡自然公園キャンプ場,43,熊本県宇土市花園町523-2,九州自動車道松橋ICから国道218号・3号で宇土方面へ進み、一般道で宇土市スポーツセンター目指し現へ。松橋ICから6km,,通年営業,"8:30〜21:30 ",フリー,0964-22-1119,https://www.city.uto.lg.jp/article/view/1098/1314.html
大平渓谷キャンプ場（現在休止中）,43,熊本県球磨郡錦町木上南8-1,熊本県球磨郡錦町木上南８－１0966-38-4419通年無休インフリー、アウトフリー九州自動車道人吉ICから人吉市街経由で国道219号湯前方面へ。県道43号右折、大平渓谷目標に現。人吉ICから17km,キャンプサイト、トイレなど,通年営業,フリー,フリー,0966-38-4419,http://www.nishiki-machi.com/bunya/ohira/
小岱山ふるさと自然公園丸山キャンプ場,43,熊本県玉名市小袋1512-62,,,通年営業,フリー,フリー,0968-73-3900,http://t-siminkaikan.jp/camp.html
一本松農村公園キャンプ場,43,熊本県山鹿市鹿本町高橋,JR熊本駅から産交バス来民経由山鹿行きで1時間20分、鹿本総合支所前下車、徒歩20分,,通年営業,フリー,フリー,0968-46-5841,https://kumamoto.guide/spots/detail/11156
グリーンスポーツみなまた,43,熊本県水俣市袋西の浦2884,南九州自動車道芦北ICから県道27号、国道3号で出水方面へ。水俣市街の先、新栄合板工場のある交差点で右折して約2km。芦北ICから30km,トイレ、ちびっこ広場、シャワー,通年営業,フリー,デイキャンプのみ,0966-83-9700,https://www.city.minamata.lg.jp/kiji0032265/index.html
仁比山キャンプ場,41,佐賀県神埼郡神崎町城原一本松３７１１番１４５６,電車／JR「神崎駅」よりバスで10分（仁比山神社前）,"キャンプ場内への車両乗り入れはできません（用具の積み降ろし時のみ乗り入れ可）。

車両は公園駐車場へお駐めください。なお、夜間（原則22：30〜6：00。多少の前後あり）、公園駐車場は施錠しますので、車両の出入りはできません。

キャンプおよびバーベキューで出たゴミは持ち帰り、処分いただきますようお願いします。",通年営業,フリー,フリー,0952-53-0011,https://www.city.kanzaki.saga.jp/main/462.html
円山公園キャンプ場,46,鹿児島県肝属郡東串良町東洲崎,"鹿児島県肝属郡東串良町川西1543
東串良町役場",フリーサイト,通年営業,フリー,フリー,099-435-1881,http://www.higashikushira.com/docs/2021052600039/
大泊キャンプ場,46,鹿児島県肝属郡南大隅町佐多馬籠大泊,南大隅町役場佐多支所より１１ｋｍ,"テント　30サイト
フリーサイト",通年営業,フリー,フリー,0994-24-3115,http://www.pref.kagoshima.jp/ac06/pr/kinkowan/spot/pl_kkyanpu5.html
前之浜海浜公園,46,鹿児島県熊毛郡南種子町前之浜,南種子町役場より７．５ｋｍ,フリーサイト,通年営業,フリー,フリー,0997-26-1111,http://www.town.minamitane.kagoshima.jp/life/shisetsuyoyaku.html
ヤドリ浜キャンプ場,46,鹿児島県大島郡瀬戸内町ヤドリ浜,"名瀬港から国道58号で瀬戸内町へ。県道626号に入り海沿いに進む。・奄美空港から約2時間
・名瀬港から約1時間20分
・古仁屋から車で約15分","サイト数・状況	オートフリー約10台収容、サイトは芝生
場内施設	炊事棟、トイレ、水シャワー",通年営業,フリー,フリー,0997-72-1199,https://www.amami-tourism.org/scenery/807/
萩尾公園キャンプ場,44,大分県日田市二串1335-1,【電車】JR久大本線光岡駅から3km。【車】大分自動車道日田ICから5km,"テント専用10張
自由広場、ソフトボール場、遊園広場、レストハウス",シーズン営業7月下旬～8月末,16:00,14:00,0973-22-8217,https://www.city.hita.oita.jp/soshiki/doboku/toshiseibika/koenryokuchi/koen/3362.html
吉井百年公園,40,福岡県うきは市吉井町富永423-1,,"・キャンプ場
・プール
・アスレチック
・イベント広場",通年営業,フリー,フリー,0943-75-4983,http://www.city.ukiha.fukuoka.jp/intro/pub/detail.aspx?c_id=52&redi=ON&id=30&pg=1
帆柱キャンプ場,40,福岡県北九州市八幡東区前田,"・最寄り駅=JR八幡駅から車利用で30分。皿倉山ケーブルカー山麓駅から車で15分。
皿倉山ケーブルカー山麓駅よりケーブルカーで山上駅へ。山上駅から徒歩15分。","・テントサイト29区画（夏休み期間はテント常設）
・炊事場、営火場、水道、水洗トイレ、管理棟",通年営業,12：00,11：00,093-671-3061,https://www.city.kitakyushu.lg.jp/yahatahigashi/w5200001.html
油山市民の森,40,福岡県福岡市南区桧原８５５−４,"・「堤」ランプを降り福岡外環状道路へ
・降口から約200ｍ先の「堤」交差点を約1km南進
・博多工業高校を左手に見ながら通過し道なり
・油山観音を目印に左折
・道なりに行くと油山市民の森料金所",デイキャンプ（BBQ）のみ使用料無料,通年営業,11:00,14:00,092-871-6969,https://www.shimi-mori.com/guide/camp
北条鹿島キャンプ場,38,愛媛県松山市北条辻1596-4,"【鹿島渡船】
大人往復運賃210円
小児（小学生以下）往復運賃110円
高齢者往復運賃（65歳以上）110円
※時刻は時刻ご確認ください",フリーサイト、調理台・飯盒炊飯用釜戸・洗い場（上水道）備えた炊事棟、水洗トイレ、シャワー場、野営場（全て無料・予約不要）,通年営業,フリー,フリー,089-948-6558,https://www.city.matsuyama.ehime.jp/kanko/kankoguide/shitestukoen/kashima/kyannpu.html
西中国山国定公園聖湖キャンプ場,34,広島県山県郡北広島町東八幡原城代,中国自動車道・戸河内ICより30㎞、車で約40分。,管理棟、テントサイト(約90張)、炊事場、ファイヤーサークル、多目的広場、水洗トイレなど,シーズン営業4月下旬～11月中旬まで,フリー,フリー,050-5812-2002,https://www.pref.hiroshima.lg.jp/site/eco/j-j1-recnew-shisetsu-kohyou-nisityuugoku-hijiriko-kohyou.html
田の浦野営場,37,香川県東かがわ市引田3017-2,高松自動車道・引田ICより4.5km、車で約15分。,フリーテントサイト、仮設トイレ、水道など,通年営業,フリー,フリー,0879-26-1276,https://www.higashikagawa.jp/itwinfo/i8373/
柳茶屋キャンプ場,31,鳥取県鳥取市浜坂1157,・鳥取市街から県道265号で鳥取砂丘方面へ進み現へ。鳥取砂丘こどもの国に隣接。,"・キャンプサイトフリー
・炊事棟　2棟
・バーベキュー棟
・トイレ
・自動販売機",通年営業,フリー,フリー,0857-30-8291,https://www.city.tottori.lg.jp/www/contents/1335848117565/index.html
高知県立種崎千松公園,39,高知県高知市種崎,高知自動車道・とさICより20km、車で約30分。,テント専用サイト(約30張)、水場、自動販売機、遊具広場、海水浴場、水洗トイレなど,通年営業,フリー,フリー,088-882-8143,https://www.pref.kochi.lg.jp/soshiki/171801/tanezaki.html
十神山なぎさ公園,32,島根県安来市安来町2273-1,・山陰自動車道安来ICから県道9号、国道9号でJR安来駅へ。県道265号経由で現。安来ICから5km。,"・キャンプサイト　10張分
・遊歩道
・親水公園
・水鳥観察ハウス
・炊飯棟（水道・調理台、かまど）
・トイレ
・シャワー室
・砂浜",通年営業,問合せ要,問合せ要,0854-23-3321,https://www.city.yasugi.shimane.jp/kurashi/machizukuri/doro-kasen-koen/tokamiyamanagisakouen.html
大麻山キャンプ場,37,香川県善通寺市善通寺町2380-176,高松自動車道・善通寺ICより9km、車で約25分。,テントサイト(約20張)、炊事場、ファイヤーサークル、トイレなど,3月～12月中旬（終日開放）,フリー,フリー,0877－63－6328,https://www.city.zentsuji.kagawa.jp/soshiki/50/oosacamp.html
新平ヶ原公園,35,山口県周南市巣山,中国自動車道・鹿野ICより9km、車で約20分。,オートフリーサイト(約20台)、炊事場、多目的広場、水洗トイレなど,通年営業,フリー,フリー,0834-22-8372,http://www.city.shunan.lg.jp/site/kanko/2985.html
水分峡森林公園キャンプ場,34,広島県安芸郡府中町石コロビ,広島高速1号線・間所ICより2.5km、車で約10分。,管理棟、駐車場、テントサイト、東屋、展望台、野鳥観察小屋など,通年営業,フリー,フリー,082-286-3244,https://www.town.fuchu.hiroshima.jp/site/mikumari/1915.html
山野峡キャンプ場,34,広島県福山市山野町山野,山陽自動車道・福山東ICより27km、車で約50分。,管理棟、売店、テントサイト、炊事場、ファイヤーサークル、公衆電話、トイレなど,シーズン営業7月1日～8月31日まで,13:00,11:00,084-928-1042,https://www.city.fukuyama.hiroshima.jp/soshiki/kanko/186164.html
大山池野営場,31,鳥取県倉吉市関金町松河原,・米子自動車道湯原ICから国道313号関金温泉方面へ。関金宿交差点で県道50号・45号、一般道と進み、狼谷溜池目指して現へ。,"・フリーサイト
・トイレ（障がい者トイレあり）
・水場","シーズン営業5月上旬〜10月下旬
（水場の使用可能期間は4月〜8月まで）",要確認,要確認,0858-45-2111,https://www.city.kurayoshi.lg.jp/gyousei/div/soumu/sekigane/5/p616/
三倉岳県立自然公園キャンプ場,34,広島県大竹市栗谷町小栗林217,広島岩国道路・大竹ＩＣより20ｋｍ、車で約35分。,管理棟、テントサイト(約60張、団体用サイトもあり)、炊事場、ファイヤーサークル、水洗トイレなど,通年営業,9:00,17:00,0827-56-0660,http://www.city.otake.hiroshima.jp/miryoku/sightseeing/1456039514919.html
梶ヶ森キャンプ場,39,高知県長岡郡大豊町佐賀山1248-3,高知自動車道・大豊ICより26km、車で約55分。,山荘梶ヶ森(受付・売店)、テントサイト、炊事場、トイレなど,シーズン営業4月～11月まで,フリー(山荘宿泊は16:00),フリー(山荘宿泊は10:00),0887-74-0360,https://www.kajigamori.com/campsite
岡山虎口池野営場,33,岡山県岡山市南区宮浦落合,山陽自動車道岡山ICから約50分,,通年営業,要確認,要確認,080-6244-1233,https://www.okayama-kanko.jp/spot/10195
邑久自然教育の森キャンプ場,33,岡山県瀬戸内市邑久町下山田1711-3,赤穂線邑久駅から車で１０分。利用希望日の前日までに、教育委員会社会教育課または市内各公民館の窓口にて申請書を記入・提出し、許可を受けてください。（お電話でのご予約はできません。）,テントサイト、炊事棟、クラフト場、管理棟、流れの広場など,通年営業,9:00,17:00,0869-34-5605,https://www.city.setouchi.lg.jp/soshiki/38/3819.html
四万十川キャンプ場,39,高知県四万十市入田,高知自動車道・四万十町中央ICより52km、車で約80分。,管理棟、テント専用サイト、炊事場、トイレ、駐車場など,通年営業,フリー,フリー,0880-37-0608,https://ntsitemasen.info/experience/simantogawakyanpujo
高間キャンプ場,33,岡山県総社市種井,"岡山自動車道　岡山総社ICから車60分
JR伯備線　美袋駅から車で20分",キャンプサイト、休憩所、炊事棟、簡易トイレなど,４月から１１月頃（詳しくはお問い合わせください）,フリー,フリー,0866-92-8277,https://www.city.soja.okayama.jp/kanko_project/kanko/kannkou_bunnka/sisetu/takama_camp.html
野呂川ダムキャンプ場,34,広島県呉市安浦町中畑641-11,中国自動車道・高田ICより3.5km、車で約5分。【R3/11月現在閉鎖中】,管理棟、テントサイト、炊事場など,通年営業,フリー,フリー,0823-84-3636,http://www.yasuura-yumekobo.com/enjoy/enjoydata/yama004.html
銚子ダム公園,38,愛媛県伊予郡砥部町川登3775,松山自動車道・松山ＩＣより23ｋｍ、車で約50分。,テント専用サイト(約40張)、水場、多目的広場、トイレ、運動広場、休憩広場など,通年営業,フリー,フリー,089-962-6010,https://www.town.tobe.ehime.jp/soshiki/6/cyoushidamu.html
長曽池キャンプ場,38,愛媛県伊予郡砥部町総津,松山自動車道・松山ICより27km、車で約45分。,オートサイト(フリー15)、炊事場、水洗トイレなど,通年営業,フリー,フリー,089-962-6010,https://www.town.tobe.ehime.jp/soshiki/6/nagasoikekouen.html
えひめ森林公園,38,愛媛県伊予市上三谷,松山自動車道・松山ICより12km、車で約25分。,管理棟、テント専用サイト(約18張)、炊事場、自動販売機、水洗トイレなど,4月1日から10月31日まで,フリー,フリー,089-983-3069,http://www.aimori.jp/park/guide/index.html
龍岡キャンプ場,38,愛媛県今治市玉川町龍岡下,【車】西瀬戸自動車道今治ICから約30分　,フリーサイト、トイレ、小学校跡地を利用したキャンプ場,通年営業,フリー,フリー,0898-55-2211,https://www.city.imabari.ehime.jp/kanko/spot/?a=155
桜井海浜ふれあい広場,38,愛媛県今治市桜井甲1130-2,車／「今治湯ノ浦IC」から車で約5分,テントサイト、シャワールーム、グランド、トイレ,通年営業,フリー,フリー,0898-36-1563,https://www.city.imabari.ehime.jp/kanko/spot/?a=136
朝倉ダム湖畔緑水公園,38,愛媛県今治市朝倉上,"今治IC→約30分
今治湯ノ浦IC→約25分",バーベキュー棟(3台)、水道、かまど、など,通年営業,フリー,フリー,0898-56-2500,https://www.city.imabari.ehime.jp/kanko/spot/?a=145
七五三ヶ浦公園キャンプ場,38,愛媛県今治市波方町宮崎甲736,"【電車】JR波方駅からタクシーに乗り約30分
【車】瀬戸内しまなみ海道今治北ICから国道317号・県道15号で今治市波方町へ波方駅付近で県道166号に入り県道301号で梶取の鼻方面へ。今治北ICから約45分","トイレ、水道(飲料不可)、フリーサイト、など
※詳しくは今治市役所波方支所までお問い合わせください。",要確認,フリー,フリー,0898-41-7111,https://www.city.imabari.ehime.jp/kanko/spot/?a=161
大角海浜公園キャンプ場,38,愛媛県今治市波方町波方乙893-1,瀬戸内しまなみ海道今治北ICから国道317号、県道160号・166号で大角鼻方面へ進み、案内板で右折し約1km。今治北ICから7km,炊事棟、シャワー室、水洗トイレ,通年営業,フリー,フリー,0898-41-7111,https://www.city.imabari.ehime.jp/kanko/spot/?a=160
御三戸遊園キャンプ場,38,愛媛県上浮穴郡久万高原町上黒岩,"車／杉山自動車道「松山IC」下車→国道33号線高知方面（約1時間）
電車／JR「美川村御三戸駅」徒歩5分",キャンプサイト,通年営業,フリー,フリー,0892-21-1111,https://www.kumakogen.jp/soshiki/6/
黒島海浜公園,38,愛媛県新居浜市黒島2,松山自動車道新居浜ICから新居浜市街へ。新居浜市街から県道13号で四国中央方面へ進み、案内板左折て約1kmで現。新居浜ICから10km,フリーサイト,通年営業,フリー,フリー,0897-65-1270,https://www.city.niihama.lg.jp/soshiki/tokei/
新居浜市市民の森,38,愛媛県新居浜市船木乙2-1,松山自動車道新居浜ICから県道47号、国道11号で四国中央方面へ。途中、入口看板左折し約300mで現。新居浜ICから4km,"テントサイト
キャンプファイヤー
",通年営業,フリー,フリー,0897-40-2121,https://www.city.niihama.lg.jp/soshiki/nousui/shiminnnomorisaikai.html
ムーンビーチ井野浦キャンプ場,38,愛媛県西宇和郡伊方町井野浦,JR予讃線八幡浜駅から国道197号線井野浦方面へ車で60分,"テントサイト(30区画)、フリーサイト(約10～15張)、流し台、トイレ、シャワー、売店、など
",シーズン営業7月〜8月末,要確認,要確認,0894-54-1111,https://www.town.ikata.ehime.jp/map/1356.html
須賀公園キャンプ場,38,愛媛県西宇和郡伊方町三机乙803,バス停　高浜高校前　約65m徒歩で約1分,キャンプサイト,通年営業,フリー,フリー,0894-57-2745,https://www.town.ikata.ehime.jp/map/1405.html
本谷公園キャンプ場,38,愛媛県西条市河之内甲494,JR壬生川駅から車で20分。【R3/11現在閉鎖中】,キャンプサイト,通年営業,フリー,フリー,0897-52-1684,https://www.city.saijo.ehime.jp/soshiki/kanko/sisetu5.html
塩ヶ森ふるさと公園キャンプ場,38,愛媛県東温市南方,松山自動車道川内ICから国道11号、県道210号塩ヶ森方面へ車で7km,管理棟、フリーサイト、炊事棟、トイレ、遊具、など,通年営業,フリー,フリー,089-964-4414,https://www.city.toon.ehime.jp/soshiki/13/1290.html
岡山県青少年の島梶子島,33,岡山県笠岡市笠岡梶子島,"笠岡港より旅客船で25分
（船の出航時間については、「かさおか島づくり海社」のホームページよりご確認ください）",キャンプファイヤ－のできる広場など。無料（ただし、次の利用者のために男女共同参画青少年課で指定する草刈り、施設内の清掃、便所掃除、倉庫整理等のワーク活動をお願いします。）（船の出航時間に関しては「かさおか島づくり海社」のホームページよりご確認ください）,通年営業,フリー,フリー,086-226-0557,https://www.okayama-kanko.jp/spot/10650
県営女木島キャンプ場,37,香川県高松市女木町,高松港よりフェリー乗船で女木港へ。女木港より徒歩3分、または車ですぐ。,オートフリーサイト(約14台)、炊事場、シャワー、遊具、水洗トイレなど,通年営業,フリー,フリー,087-873-0728,https://megijimayaeijyou.mystrikingly.com/
小島キャンプ場,39,高知県安芸郡北川村小島,高知自動車道・南国ICより67km、車で約1時間半。,管理棟、フリーサイト、炊事場、トイレなど,通年営業,フリー,フリー,0887-32-1221,http://www.kitagawamura.jp/soshiki/#
白猪谷オートキャンプ場,39,高知県吾川郡いの町寺川白猪谷185-5,高知自動車道・伊野ICより63km、車で約100分。,オートフリーサイト(約20台)、炊事場、トイレなど,シーズン営業4月～11月まで,フリー,フリー,088-869-2115,https://www.attaka.or.jp/kanko/dtl.php?ID=824
星ヶ窪キャンプ場,39,高知県吾川郡仁淀川町長者乙6606,高知自動車道・須崎東ICより43km、車で約70分。,フリーテントサイト、炊事場、水洗トイレ、多目的広場など,通年営業,フリー,フリー,0889-32-1041,https://www.town.niyodogawa.lg.jp/life/life_dtl.php?hdnKey=958
県立月見山こどもの森,39,高知県香南市香我美町岸本1269-7,高知自動車道・須崎東ICより19km、車で約30分。,管理事務所、キャンプサイト(フリー)、炊事場、展望台、アスレチック遊具、ミニ八十八ヶ所めぐり、ツリーハウス(遊具)、水洗トイレなど,通年営業,フリー,フリー,0887-55-1682,https://tukimiyama.sakura.ne.jp/guide.html
松葉川林間キャンプ場,39,高知県高岡郡四万十町日野605-1,高知自動車道・四万十町中央ICより20km、車で約40分。,テント専用サイト、炊事場、東屋、トイレ、駐車場など,通年営業,フリー,フリー,0880-23-0585,https://www.attaka.or.jp/kanko/dtl.php?ID=834
かわうそ自然公園,39,高知県高岡郡津野町永野251-1,高知自動車道・須崎西ICより12km、車で約15分。,管理棟、テントサイト、炊事場、かわうそ学習館、水洗トイレなど,通年営業,フリー,フリー,0889-55-2381,https://www.attaka.or.jp/kanko/dtl.php?ID=1063
桑の川キャンプ場,39,高知県高岡郡津野町赤木,高知自動車道・須崎西ICより15km、車で約20分。,管理棟、テントサイト、炊事場、トイレ、更衣室、遊泳プールなど,通年営業,フリー,フリー,0889-55-2021,https://www.attaka.or.jp/kanko/dtl.php?ID=838
帰全山公園キャンプ場,39,高知県長岡郡本山町本山,高知自動車道・大豊ICより9km、車で約15分。,フリーサイト、炊事場、冷水シャワー、水洗トイレなど,通年営業,フリー,フリー,0887-76-391,https://www.attaka.or.jp/kanko/dtl.php?ID=819
大父木親水公園,31,鳥取県東伯郡琴浦町大父1075-75,・赤碕駅下車し、バスで３０分、徒歩１０分。,"・キャンプサイト　6張分
・炊事棟
・トイレ",シーズン営業4月～11月,フリー,フリー,0858-55-7802,https://www.kotoura-kankou.com/nature/obuki-jishinsui_park/
渡津島キャンプ場,32,島根県隠岐郡知夫村島津島,・米子自動車道米子ICから国道431号と一般道で境港へ。隠岐汽船に乗り来居港で下船し、県道322号で薄毛港へ。徒歩でお松橋渡り約10分で現地,・水道、トイレ、水シャワー,通年営業,フリー,フリー,08514-8-2272,http://chibu.jp/
平田森林公園キャンプ場,32,島根県出雲市東福町1984-33,・畑電鉄雲州平田駅から車で10分,"・フリーサイト
・東屋
・水場
・トイレ",通年営業,フリー,フリー,0853-21-6735,https://www.city.izumo.shimane.jp/www/contents/1550024951564/index.html
道猿坊公園キャンプ場,32,島根県浜田市弥栄町木都賀ハ25,・浜田自動車道・浜田ICから約70分,・フリーサイト、テーブル・ベンチ、野外炉の設置あり。ゴミ回収所もあり（生ごみは持ち帰り）,通年営業,15:00,14:00※宿泊施設はイン16:00,0855‐32‐0080,https://www.all-iwami.com/spot/detail_1291.html
三野農村ふれあい広場,36,徳島県三好市三野町加茂野宮1803-3,・井川池田IC→国道32号（高松方面）→県道12号→市道→（全行程：車で約３0分）JR江口駅より車で１０分,"・芝生広場
・多目的広場
・キャンプ場
・トイレ",通年営業,フリー,フリー,0883-77-4803,https://www.miyoshi.i-tokushima.jp/docs/4208.html
日峯大神子広域公園,36,徳島県徳島市大原町大神子7-1,・ＪＲ徳島駅より車で約２５分,"・キャンプ場
・テニスコート
・炊事棟
・テーブル
・トイレ",通年営業,デイキャンプのみ,デイキャンプのみ,088-624-7950,http://www.toku-eta.or.jp/park/h_camp/
桂川渓谷キャンプ場,38,愛媛県西予市野村町野村17-59-1,松山自動車道西予宇和ICから県道29号、国道441号で西予市野村町へ。桂川渓谷入口右折し約2kmで現。西予宇和ICから14km,フリーサイト、トイレ、水道(飲料不可),通年営業,フリー,フリー,0894-72-1111,https://www.seiyojikan.jp/
大土山憩の森キャンプ場,34,広島県安芸高田市甲田町下小原,"車／中国自動車道「高田IC」下車30分

電車／広島駅から約1時間10分、JR芸備線「向原駅(安芸高田市向原町)」下車。現までタクシー約20分","フリーサイト5区画ほど
トイレ有、トイレットペーパー備
ペット同伴可",通年営業,フリー,フリー,0826-46-7055,https://www.hiroshima-kankou.com/spot/3614
柳瀬キャンプ場,34,広島県広島市安佐北区可部町柳瀬,"可部駅から徒歩で1時間30分
広島バスセンターから柳瀬行「下柳瀬」下車",無人、予約不要,通年営業,要確認,要確認,082-504-2503,https://www.city.hiroshima.lg.jp/soshiki/47/235205.html
樫西キャンプ場,39,高知県幡多郡大月町樫ノ浦,"高知自動車道四万十町中央ICから、車で2時間
高知西南交通バス「海水浴場前」下車すぐ","樫西海岸/シャワー室（男3、女3）
トイレ（男小1大1、女1）
樫西園/シャワー室（男3、女3）
トイレ（男小2、大1、女2）
※シャワーは冷水",通年営業,フリー,フリー,0880-73-1181,https://www.attaka.or.jp/kanko/dtl.php?ID=3906
宮川内ダム公園キャンプ場,36,徳島県阿波市土成町宮川内平間５８,土成ICより約3km,"〇トレイ
〇ベンチ

※道の駅「どなり」にコイン式シャワーあり",通年営業,フリー,フリー,0883-36-8722,https://www.awa-kankou.jp/odekake/miyakawauchidamu/
白岩岬公園キャンプ場,39,高知県宿毛市沖の島町,片島港から、宿毛市営定期船で50分～1時間35分（沖の島まで）,"水道（山水）
トイレ",通年営業,フリー,フリー,0880-63-1118,https://www.attaka.or.jp/kanko/dtl.php?ID=1134
ゆうゆう広場,35,山口県防府市大字上右田,"九州方面から山陽自動車道防府西IC下車後、車で6分
広島方面から山陽自動車道防府東IC下車後、車で4分",オートキャンプサイト(18区画)、トイレ、水道、身障者用駐車スペースを備えたサイトが一箇所あります（No.18区画：最下流端）,通年営業,要確認,要確認,0835-25-2429,https://www.city.hofu.yamaguchi.jp/soshiki/27/yuuyuuhiroba.html
知清公園キャンプ場,38,愛媛県喜多郡内子町知清,"国道56号線から知清橋渡り、すぐ左折
※吊り橋：自転車やバイクの乗り入れも禁止",フリーオートサイト、炊事棟、トイレ、身体障害者用トイレ、農産体験施設、など,通年営業,フリー,フリー,0893-43-1122,https://www.karari.jp/
前川キャンプ場,36,徳島県勝浦郡勝浦町三溪平山14-1,"徳島バス勝浦線「横瀬東」下車→徒歩10分
横瀬小学校南　横瀬橋土手沿い→徒歩10分
JR徳島駅→25km",バーベキュー施設(2棟)、炊事場、トイレ、シャワー※水のみ,通年営業,フリー,フリー,0885-42-2552,http://www.town.katsuura.lg.jp/docs/2010111000439/
桑谷キャンプ場,23,愛知県岡崎市桑谷町雨山1,"●車●
名古屋方面から国道1号線美合新町北交差点右折し、道なりに直進（約15分）
豊橋方面からは国道1号線山中小学校北交差点左折し、道なりに進み、桑谷町交差点左折、直進約700ｍ
●電車●
名鉄「美合駅」下車→名鉄バス羽栗行に乗り「桑谷バス停」下車、徒歩20分。",テントサイト（29張）・炊事場（炉6基）・井戸・行水場・トイレ・公衆電話,通年営業,16:00,10:00,"0564-23-6216 ",https://www.city.okazaki.lg.jp/1100/1109/1163/p003176.html
大垣市野外活動センター,21,岐阜県大垣市青墓町982,東海環状自動車道・大垣西ICより6.5km、車で約15分。,管理棟、テントサイト(約12張)、炊事場、野外炉、自動販売機、トリム広場(ベンチ、藤棚等)など,シーズン営業4月～10月まで,フリー,フリー,0584-71-0112,https://www.city.ogaki.lg.jp/0000000340.html
童子沢親水公園,22,静岡県島田市大代２４７７－１６,"●車●
新東名自動車道島田金谷ＩＣ下車約10分",テントサイト、炊事棟、野外炉、レンガ炉、水遊び場など,通年営業,フリー,フリー,0547-46-4400,https://www.city.shimada.shizuoka.jp/kanko-docs/waxtupazawa.html
白糸の滝キャンプ場,28,兵庫県豊岡市出石町袴狭,,"・テントサイト　10張程度
・トイレ",シーズン営業冬季以外営業,,,0796-52-4806,https://www.izushi.co.jp/
奥山キャンプ場,28,兵庫県西脇市富吉上町,"●車●
中国自動車道滝野・社IC下車約30分",テントサイト、炊事場、トイレなど,通年営業,フリー,フリー,0795-22-4000,https://www.city.nishiwaki.lg.jp/kakukanogoannai/kyouikuiinkai/seisyounencenter/seishounenkenzenikusei/1360298377080.html
潮岬キャンプ場,30,和歌山県東牟婁郡串本町潮岬,"【電車】JR串本駅から熊野交通バス潮岬行きに乗り15分潮岬下車すぐ
【車】阪和自動車道南紀田辺ICから国道42号線串本方面へ100分※時期によって有料期間あり",トイレ、水場,通年営業,8:00～18:00※17:00以降は翌日受付にお越し下さい,なし,0735-62-0557,https://kankou-kushimoto.jp/spots/%e6%bd%ae%e5%b2%ac%e3%82%ad%e3%83%a3%e3%83%b3%e3%83%97%e5%a0%b4
静原キャンプ場,26,京都府京都市左京区静市静原町1172,名神高速・京都東ICより25km、車で約55分。,管理棟、テントサイト、ログハウス、炊事場、バーベキュー場、多目的広場など,通年営業,14:00,10:00,075-662-8801,http://www.26bs.org/leaders/camp.html
豊岡市大師山自然公園,28,兵庫県豊岡市引野,豊岡市街地からは車で約15分、出石城下町からは車で20分弱程度,"・自由広場
・キャンプファイヤー場
・炊事棟2棟
・テントサイト
・照明・給水設備",通年営業,フリー,フリー,0796-22-8111,https://daytrip-izushi.jp/
丸山県民サンビーチ,28,兵庫県赤穂市尾崎2296-3,"●車●
山陽自動車道赤穂IC下車約15分",テントサイト３４区画、炊事場、シャワーなど,通年営業,フリー,フリー,0791-43-6839,https://www.city.ako.lg.jp/kensetsu/kankou/shisetsu/kanko/maruyama.html
県民広場キャンプ場,28,兵庫県西脇市鹿野町1353,"●車●
中国自動車道ひょうご東条IC下車約30分",炊事棟、トイレ、サイトなど,通年営業,フリー,フリー,0795-22-4000,https://www.city.nishiwaki.lg.jp/kakukanogoannai/kyouikuiinkai/seisyounencenter/seishounenkenzenikusei/1360224357022.html
武嶋キャンプ場,28,兵庫県西脇市大木町,"●車●
中国自動車道滝野・社IC下車約25分
●電車●
JR本黒田駅下車タクシーで約10分",テントサイト、広場、簡易トイレなど,通年営業,フリー,フリー,0795-22-4000,https://www.city.nishiwaki.lg.jp/kakukanogoannai/kyouikuiinkai/seisyounencenter/seishounenkenzenikusei/1360310041843.html
阪南市鳥取池緑桜の園,27,大阪府阪南市桑畑548-19,阪和自動車道・阪南ICより5.5㎞、車で約15分。または泉南ICより7.5㎞、車で約20分。,管理棟、テント専用サイト、炊事場、かまど、水洗トイレなど,通年営業,フリー,フリー,072-471-5678,https://www.city.hannan.lg.jp/kakuka/syogai/syogai_s/sakuranosono/index.html
中垣内教育キャンプ場,28,兵庫県たつの市揖西町中垣内,,"収容テント数：60
炊事場
トイレ
要予約（前日前出に市役所への届け出が必要）
",通年営業,要確認,要確認,0791-64-3180,https://www.city.tatsuno.lg.jp/shakaikyouiku/manabinosupesu/nakagaitikyouikukyannpuzyou.html
市ノ池公園キャンプ場,28,兵庫県高砂市阿弥陀町徳301,"●車●
山陽自動車道加古川北IC下車約30分
●電車●
JR山陽本線宝殿駅下車車で約13分、20時まで使用可。照明もあるので、夜遅くのバーベキューもOK（オンシーズンの平日及びオフシーズンは夜間利用不可）テントサイトは有料",バーベキューサイト、テントサイト、シャワー棟、管理棟など,"シーズン営業4月から10月まで（夏・春休み期間除く）の土曜日・日曜日及び祝日
夏休み・春休み期間の全日
※利用できる期間内でも、市や相談所等の行事により利用できない日あり要確認",10：00,10：00,"079-447-6401 ",https://www.csg-zaidan.or.jp/kouen/ichinoike-kouen/
鴨池キャンプ場,28,兵庫県小野市来住町1224-1,,"炊事場
トイレ
鴨池グラウンド",シーズン営業4月1日~10月31日,要確認,要確認,0794-63-1929,https://www.city.ono.hyogo.jp/1/8/33/16/a348/
川代公園キャンプ場,28,兵庫県丹波市山南町上滝1502-1,"●車●
舞鶴若狭自動車道丹南篠山口IC下車約20分",炊事棟、トイレ、夜間照明、ファイヤーサークル、バーベキュー場など,通年営業,フリー,フリー,0795-88-5115,https://www.city.tamba.lg.jp/site/corona/kawashirokouennshiyoushinnsei.html
木谷山キャンプ場,28,兵庫県西脇市郷瀬町605,お車でお越しください,"・テントサイト
・炊飯場
・水洗トイレ
・東屋

※ゴミは持ち帰り
※自転車の乗り入れ不可
※禁止事項：ペット・花火・直火",通年営業,フリー,フリー,0795-22-4000,https://www.city.nishiwaki.lg.jp/kakukanogoannai/kyouikuiinkai/seisyounencenter/seishounenkenzenikusei/1360221134228.html
筱見四十八滝キャンプ場,28,兵庫県丹波篠山市筱見561,"■公共交通機関でお越しの場合
JR宝塚線「篠山口駅」からバス50分、丹波東雲バス停下車、徒歩20分

■お車でお越しの場合
車国道173号線小田中（丹波東雲バス停）より5分","トイレ１棟（汲み取り式。トイレットペーパーはご持参下さい）
炊事場（炊事場の水は飲めませんのでご持参下さい）
","シーズン営業4月1日～9月15日
※上記以外の期間は管理及び狩猟期間になりますので、安全の為ご利用になれません。",フリー,フリー,079-556-3171,https://www.city.tambasasayama.lg.jp/soshikikarasagasu/chiikicommunityka/kanko_bunka/1/5656.html
泉の森ふれあいキャンプ場,14,神奈川県大和市上草柳1794,"●車●
東名自動車道横浜町田IC下車約10分
●電車●
相鉄線相模大塚駅下車徒歩約15分",受付、炊事場、内かまど、外かまど、野外卓、遊具、トイレ、広場など,通年営業（デイキャンプのみ）,9:00,16:00(7月・8月は18:00まで),046-260-5795,https://www.yamato-zaidan.or.jp/izumicamp/fureaicamp
稲城ふれあいの森,13,東京都稲城市坂浜1307,中央道・稲城ICより7km、車で約15分。,管理棟、テントサイト、炊事場、かまど、キャンプファイヤ場、自然観察場、各種広場など,シーズン営業3月中旬から11月まで(一般利用できる期間は定められております。詳しくは現地へお問い合わせください。),10:00,10:00,042-378-2111,https://www.city.inagi.tokyo.jp/smph/shisetsu/sports/yagai/hureainomori.html
宇都宮市森林公園,9,栃木県宇都宮市福岡町1074-1,"●車●
東北自動車道宇都宮IC下車約15分",管理棟、テントサイト(約20張)、炊事場、バーベキュー場、自動販売機、遊具、多目的スペース、展コーナー、農産物販売(土日祝のみ)など,シーズン営業4月1日～10月末まで,11:00,10:00,028-652-3450,http://forestpark-utsunomiya.jp/stay/index.html
小滝沢キャンプ場,8,茨城県高萩市大能字土岳,"●車●
高萩I.Cから車で15分
国道461号線里見方面へ進み、花貫ダム左手に進み、トンネル2つ抜けてすぐに左へ入る

●電車●
JR常盤線高萩駅より車で20分",汐見滝吊橋・花貫川・土岳ハイキングコース,通年営業,要確認,要確認,0293-23-7316,http://www.takahagi-kanko.jp/page/page000032.html
赤城ふれあいの森　SUBARUふれあいの森　赤城,10,群馬県前橋市富士見町赤城山1-2,"●車●
前橋IC下車約40分
●電車●
JR前橋駅下車バス40分",管理棟、テントサイト、バンガロー、間伐学習館、ローラーすべり台など,シーズン営業1月5日から12月27日まで(キャンプ施設は7月1日～8月31日),13:00～15:00,10:00,027-287-8806,https://gunmori.or.jp/shinrin
練馬区立秩父青少年キャンプ場,11,埼玉県秩父市浦山304,"●車●
関越自動車道花園IC下車約70分
",管理棟、バンガロー、テント、炊事場、トイレ、シャワー室など,シーズン営業5月1日から10月31日まで,11:00～17:00,10:00,03-5984-4691,https://www.city.nerima.tokyo.jp/kosodatekyoiku/kyoiku/seishonen/camp/moushikomi.html
長南町野営場,12,千葉県長生郡長南町蔵持,"●車●
圏央道市原鶴舞IC下車約15分",テントサイト、広場,シーズン営業6月1日～8月31日まで,要確認,要確認,0475-46-3397,https://www.town.chonan.chiba.jp/shoukai/kankou/502/
県立赤城公園キャンプ場,10,群馬県前橋市富士見町赤城山32,"●車
関越自動車道　前橋ICより約60分、赤城ICより約50分
●公共機関
前橋駅よりバス80分「富士見温泉」行き「富士見温泉」乗換え「赤城ビジターセンター」行き「湖尻厚生団入口」徒歩15分
※土日祝日は「県立赤城公園ビジターセンター」まで直通バスの運行あり",キャンプサイト(10区画)、車中泊エリア(4区画)、炊事場、水洗トイレ、など,シーズン営業4月下旬～11月中旬　※利用期間は気温や降積雪状況によって変動します。,12:00～17:00,～10:00,027-287-8402,https://www.pref.gunma.jp/04/e23g_00061.html
東山ファミリーランド,15,新潟県長岡市栖吉町3447,関越自動車道・長岡ICより12km、車で約25分。,管理棟、テント専用サイト(約50張)、売店、自動販売機、レストラン、炊事場、水洗トイレなど,シーズン営業4月第2土曜～11月第2日曜まで,フリー,フリー,0258ー34-2225,http://www.shiei-ski.com/family/schedule.html#5
大池いこいの森キャンプ場,15,新潟県上越市頸城区日根津116-1,北陸自動車道・上越ICより14km、車で約20分。大潟スマートICより9.5km、車で約15分。,テント専用サイト(約140張)、炊事場、バーベキュー場、遊具、多目的広場、水洗トイレなど、環境保全協力金 テント1張りにつき500円（任意）,シーズン営業4月上旬～11月下旬まで,フリー,フリー,025-530-3160,https://niigata-kankou.or.jp/spot/8474
八方台いこいの森,15,新潟県長岡市栖吉8547-38,関越自動車道・長岡ICより12km、車で約25分。,キャンプサイト(日帰り)、わんぱく広場、遊具、湿生植物園、遊歩道、水洗トイレなど,シーズン営業5月上旬～11月中旬（降雪等で変更する場合あり）,フリー,フリー,0258-52-5090,https://www.city.nagaoka.niigata.jp/shisetsu/sports/happoudai.html
墓ノ木自然公園キャンプ場,16,富山県下新川郡入善町墓ノ木,"・車／「入善スマートIC」から車で10分（ETC搭載車のみ）、「朝日IC」から車で20分、「黒部IC」から車で15分。
・電車／JR「入善駅」から車で20分","・テントサイト
・トイレ
・かまど
",通年営業（冬季間（12～3月）は利用不可）,フリー,フリー,0765-72-3837,https://www.town.nyuzen.toyama.jp/gyosei/soshiki/sumai_machidukuri/3/2/1196.html
雨晴松太枝浜キャンプ場,16,富山県高岡市太田東矢木4753-1,・能越自動車道高岡ICから国道8号、県道24号、国道415号で雨晴海岸へ。松太枝浜海水浴場目標に現へ。高岡ICから15km。,"・テントサイト　50張分
・炊事棟
・水シャワー
・売店（夏）
・トイレ",シーズン営業5月1日～11月末（7月1日～8月31日の利用については管理協力費（1グループ1日500円）の支払い要）,フリー,フリー,0766-44-6200,https://www.city.takaoka.toyama.jp/midori/kanko/camp/amaharashi.html
嘉例沢森林公園,16,富山県黒部市嘉例沢峰平,"・JR北陸線黒部駅から車で40分
・黒部ICから車で約40分","・テントサイト　100張分
・炊事場・かまど
・水道
・トイレ
・遊歩道",シーズン営業6月1日～10月末,フリー,フリー,0765-54-2111,https://www.city.kurobe.toyama.jp/info/facdtl.aspx?faccd=9900000135
剱岳青少年旅行村キャンプ場,16,富山県中新川郡上市町伊折,・北陸自動車道立山ICから県道3号で上市市街。一般道、県道46号で馬場島方面に進み、県道333号約15kmで現。立山ICから25km,"・テントサイト　50張分
・バンガロー
・風呂
・ランドリー
・売店
・レストラン
・炊事棟
・トイレ
・ファイヤーサークル
・野外炉",シーズン営業5月中旬～11月(宿泊施設は4月中旬～1月上旬),フリー※宿泊施設はイン15:00,フリー※宿泊施設はアウト9:00,076-472-3080,https://www.town.kamiichi.toyama.jp/hp/spot/index01.html
刈安山森林自然公園,18,福井県あわら市清滝,芦原温泉駅から車で30分,"・水洗トイレ（多目的トイレ有）
・展望台
・東屋
・水車小屋（山頂から５ｋｍ）",シーズン営業4月下旬～10月下旬,フリー,フリー,0776-73-8029,http://www.city.awara.lg.jp/mokuteki/industry/kanko/sizen/p000261.html
みのわダム樽尾沢キャンプ場,20,長野県上伊那郡箕輪町長岡新田,"●車●
中央自動車道伊北IC下車約30分
●電車●
JR沢駅下車車で約20分",トイレ、炊事場、水道他,通年営業,フリー,フリー,0265-79-3111,https://www.town.minowa.lg.jp/sangyo/sangyo035.html
峠の森自然公園,7,福島県伊達郡川俣町飯坂字上切伏内,"東北自動車道福島西I.Cから26km
東北自動車道二本松I.Cから26km
JR東北新幹線福島駅から24km",,シーズン営業4月～11月（冬季間閉鎖）,フリー,フリー,024-566-2111,https://www.town.kawamata.lg.jp/site/kanko-event/tougenomori.html
背あぶり山レストハウス,7,福島県会津若松市湊町赤井彦左エ門甲4607-1,会津若松駅から「東山温泉行き」線乗車→東山温泉入口から、せあぶり山・山頂まで１６キロメートル,"総サイト数３０
","シーズン営業毎年４月下旬～１１月末日（「背あぶり山」までの県道閉鎖のため）
",10：00〜15：00,,0242-27-0111,https://aizu-sportspark.jp/facilities/e_seaburi.html
秋山浜キャンプ場,7,福島県郡山市湖南町赤津,磐越自動車道磐梯熱海ICから県道24号、国道49号で猪苗代湖方面へ。上戸交差点で県道9号へ左折し、県道376号経由して現へ。磐梯熱海ICから30km,"トイレ
炊事場",通年営業,要確認,要確認,024-924-2621,https://www.city.koriyama.lg.jp/soshikinogoannai/sangyokankobu/kankoka/gomu/1/4/24360.html
夏井川渓谷キャンプ場,7,福島県いわき市小川町上小川字江田内,磐越自動車道三和ICより約30分,"・テント30張、定員約100名

・公衆便所　有

・炊飯施設　有

・水道設備　有",通年営業,要確認,要確認,0246-22-7480,http://www.city.iwaki.lg.jp/www/contents/1001000002652/index.html
崎川浜キャンプ場,7,福島県会津若松市湊町静潟字平浜,猪苗代磐梯高原ICから約20km,,シーズン営業5月初旬～10月末（11月に入るとトイレ、炊事場の利用ができなくなるがキャンプは可能）,フリー,フリー,024-924-2621,https://www.aizukanko.com/spot/343
西蔵王公園キャンプ場,6,山形県山形市岩波上桜田内,車:山形自動車道山形蔵王ICから国道286号で山形市街方面へ進み、東山形の交差点から西蔵王高原ライン進み、西蔵王公園の看板から右折して現へ。山形蔵王ICから17分,テントサイト(25サイト)、炊事場、キャンプファイヤーサークル、水洗トイレ、自由広場、日本の花園、森の遊び場、アスレチック広場、休憩施設、冒険広場、バーベキュー広場、冒険広場、展望広場など,シーズン営業4月下旬～11月下旬,10:00,10:00,023-655-5900,http://park.montedio.co.jp/zao/guide.html
白兎葉山森林公園,6,山形県長井市白兎内,米沢南陽道路南陽高畠ICから国道113号赤湯バイパス長井方面へ。南陽市街抜け、飯豊町へ。道の駅いいで手前の交差点右折し、県道10号・11号で白鷹方面へ。白兎で葉山森林公園入口の看板左折して現へ。南陽高畠ICから39km,"サイト数・状況	テント専用約20張り収容、サイトは草
場内施設	炊事棟、トイレ、交流施設",シーズン営業4月下旬～11月末,フリー,フリー,0238-84-6337,https://yamagatakanko.com/attractions/detail_4655.html
山形県県民の森野営場,6,山形県東村山郡山辺町畑谷1933-42,山形自動車道山形蔵王ICから国道286号・348号で白鷹方面へ。途中、南館交差点で直進して県道17号に進み現へ。山形蔵王ICから19km,"サイト数・状況	テント専用約38張り収容、サイトは土
場内施設	炊事棟、トイレ、ファイヤーサークル",シーズン営業7月1日～9月末,12:00,21:00,023-666-2116,http://ymidori.or.jp/kenmori/facility/index.html
立谷沢南部山村広場,6,山形県東田川郡庄内町立谷沢字玉川,日本海東北自動車道酒田ICから国道7号広田ICへ向かい、国道47号へ右折して庄内町へ。庄内町清川区から県道45号に入り、滝の沢橋渡り県道344号へ直進。月の沢温泉目標に進み、玉川橋渡ってすぐに左折。酒田ICから43km,サイト数・状況オートフリー約50張り収容、サイトは芝・土、トイレ、水場、多目的広場,シーズン営業５月～10月,フリー,フリー,0234-56-2213,https://www.navishonai.jp/spot/12.html
秋田県立中央公園ファミリーキャンプ場,5,秋田県秋田市雄和椿川字軽井沢,秋田空港から　車／5分,キャンプサイト、炊事場、シャワー、洗濯機、フィールドアスレチック、マウンテンバイクコース、パークゴルフコース　など,"シーズン営業4月下旬から11月中旬頃まで。＜日帰り＞
9:30～16:00　※4月～5月・9月～11月
9:30～17:30　※6月～8月（日帰り時間内であれば、無料です。
※日帰りでも時間内以降の退園の場合料金が発生いたします。）",17:00までに入場,17:00,018-886-3131,http://www.akisouko.com/chuo/info.html
仙南カントリーパーク,5,秋田県仙北郡美郷町金沢北沢54,後三年駅より車１０分,"キャンプ場
野外ステージ
展望台
野球場",シーズン営業４月～１１月（町内無料　町外有料）,要確認,要確認,0187-84-4910,https://www.town.misato.akita.jp/kanko/play/
南の池公園・キャンプ場,5,秋田県南秋田郡大潟村南2-17,秋田自動車道琴丘森岳ICから県道37号大潟村方面へ出て、鹿渡交差点で県道54号へ直進。つきあたり県道42号左折し現へ。琴丘森岳ICから14km,"サイト数・状況	テント専用約200張り収容、サイトは芝生
場内施設	炊事棟、トイレ",シーズン営業4月上旬～11月下旬,フリー,フリー,0185-45-2115,http://www.vill.ogata.akita.jp/sightseeing/park.html
能代市毘沙門憩いの森,5,秋田県能代市常盤毘沙門127-2,JＲ能代駅下車　車で約４０分,"常設テント　１０張
・バンガロー　３棟（4人用　床面積約13.5平方メートル　二段ベット２組設備）
　その他、管理棟・炊事場・くみ取りトイレ・公衆電話・自動販売機
","シーズン営業４月２０日～１１月１０日（冬期間閉鎖）
・入場無料
　・バンガロー１棟１回（一泊）
　　２，３９０円
　・常設テント１回（一泊）５９０円
　（持ち込みテントは無料）
　・バッテリーカー　１回１００円
　・バーベキュー用鉄板貸し出し無料",フリー,フリー,0185-89-2250,https://www.city.noshiro.lg.jp/sangyo/norin/jigyo/norin-seibi/7492
きみまち阪キャンプ場,5,秋田県能代市二ツ井町小繋,秋田自動車道二ツ井白神ICから国道7号大館方面へ。道の駅ふたついの手前、きみまち阪交差点看板に従い右折して現へ。二ツ井白神ICから8km,"サイト数・状況	テント専用約50張り収容、サイトは草・土
場内施設	炊事棟、トイレ",シーズン営業4月中旬～11月末,フリー,フリー,0185-73-2835,https://akita-fun.jp/
親子ふれあいオートキャンプ場,5,秋田県北秋田市森吉森吉山麓高原1,秋田内陸縦貫鉄道阿仁前田駅より車で40分,"○オートキャンプサイト60区画
○管理棟（青少年野外活動センター）
　・キャンプサイト受付
　・キャンプ用品レンタル
○サニタリー3棟（トイレ、炊事場）",シーズン営業6月1日～10月末,フリー,フリー,090-7064-7867,https://akita-fun.jp/
大小屋ファミリーランド,5,秋田県由利本荘市岩野目沢石森4-13,【電車】JR羽後岩谷駅から40分【車】秋田自動車道大曲ICから車で40分,"ロッジ
テントサイト／３０カ所",シーズン営業5月～10月※積雪の関係で遅れることがあり,17:00,9:30,0184-67-2313,https://yurihonjo-kanko.jp/yrdb/oogoya/
大清水園キャンプ場,5,秋田県由利本荘市千代沢国有林,【車】由利高原鉄道矢島駅から80分,テントサイト５０、避難小屋、山荘、炊事場、トイレ,シーズン営業5月～10月※積雪のない時期,要確認,要確認,0184-57-2205,https://akita-fun.jp/
大平キャンプ場,5,秋田県由利本荘市鳥海町上笹子大平35-5,湯沢横手道路須川ICから県道51号須川交差点へ出て国道13号へ左折。JR院内駅過ぎ、国道108号へ左折し、由利本荘方面へ。堺台交差点で県道70号へ左折し、そのまま丁川沿いに直進して現へ。須川ICから31km,"サイト数・状況	テント専用約150張り収容、サイトは草
場内施設	炊事棟、トイレ、夜間照明",開設 6月上旬〜10月下旬,フリー,フリー,0184-57-2205,https://akita-fun.jp/
法体園キャンプ場,5,秋田県由利本荘市鳥海町百宅奥山3-1,湯沢横手道路雄勝こまちICから国道13号・108号で由利本荘市鳥海町へ。堺台交差点で県道70号に入り、一般道経由して法体の滝方面へ。雄勝こまちICから43km,"テントサイト100、炊事場、トイレ、レストハウス、東屋、ロッジ、バリアフリートイレ
",シーズン営業５月下旬～１０月下旬,フリー,フリー,0184-57-2205,https://www.city.yurihonjo.lg.jp/
祓川キャンプ場,5,秋田県由利本荘市矢島鳥海山五合目祓川,秋田自動車道雄勝こまちICから国道13号・108号で由利本荘市矢島方面へ。県道32号・58号にかほ市象潟方面へ進み、一般道で竜ヶ原湿原目指して現へ。雄勝こまちICから61km,テントサイト２０、管理棟、炊事場、トイレ、展望台,シーズン営業６月～９月,フリー,フリー,0184-55-4953,https://akita-fun.jp/
達居森と湖畔自然公園キャンプ場,4,宮城県黒川郡大衡村大瓜牛野9,東北道・大衡ICより11km、車で約25分。,フリーサイト(約25張)、炊事場、東屋、水洗トイレ、駐車場など,通年営業,フリー,フリー,022-345-5111,https://www.village.ohira.miyagi.jp/soshiki/14/3678.html
新堤自然公園レークキャンプ広場,4,宮城県栗原市高清水町勝負ヶ町84-1,東北道・築館ICより8km、車で約15分。,テントサイト、炊事場、キャンプファイヤ場、トイレ、駐車場など,通年営業,フリー,フリー,0228-58-2111,https://www.kuriharacity.jp/soshiki/gaiyo/20180606112904.html
旗坂野営場,4,宮城県黒川郡大和町吉田桝沢,東北道・大和ICより27km、車で約1時間。,駐車場、テントサイト、炊事場、バーベキュー場、トイレなど,シーズン営業4月下旬～10月下旬まで,フリー,フリー,022-345-1111,https://www.town.taiwa.miyagi.jp/
遠刈田公園キャンプ場,4,宮城県刈田郡蔵王町遠刈田温泉,遠刈田温泉湯の町バス停で降車。歩いて約10分,"オートキャンプ場ではありません。お車は駐車場へ停めてください

▼ご確認ください▼
・キャンプ目的で使用される団体（個人）の責任者は事前に使用届提出する必要があります。
　申請書は利用当日に持参していただくか、事前に郵送で提出してください
・火使う場合、かまど以外での使用は禁止です。
　また、火災防止のため火の始末は確実に行ってください。
・公園及び周辺の木々切ったり、野草掘ったり、又建物その他構造物破損しないようにしてください。
・駐車場以外への車両の乗入れは禁止です。
・ごみ、残飯等は各自お持ち帰りください。
・使用後の整理、清掃（水飲み場等）は必ず行ってください。
・野生動物（熊、イノシシ等）が姿現す場合がありますのでご注意ください。",通年営業,フリー,フリー,0224-33-2214,https://www.town.zao.miyagi.jp/section/kensetsu/douro/koen_riyou.html
白浜ビーチパーク,4,宮城県石巻市北上町十三浜白浜,"石巻駅より車で50分
三陸自動車道河北ICより車で30分","炊事場
東屋
トイレ
更衣室(海水浴場開設期間のみ)
シャワー(海水浴場開設期間のみ)
","シーズン営業4/1~11/30
",8:00,日没,090－6639－5153,https://www.shirahama-beach.com/
折爪岳オートキャンプ場,3,岩手県二戸市福岡織詰,八戸自動車道一戸ICから国道4号で二戸方面へ。市街手前から県道24号で九戸村方面へ進み、一般道で折爪岳山頂目指して現へ。一戸ICから15km,管理棟、食堂、炊事棟、トイレ、温水シャワーなど,シーズン営業4月下旬～11月末,12:00,10:00,0195-23-7599,https://www.city.ninohe.lg.jp/info/336
盛岡市外山森林公園キャンプ場,3,岩手県盛岡市玉山区薮川大の平31-1,東北自動車道盛岡ICから国道46・4号・455号で岩泉方面へ。入口看板で右折し現へ。盛岡ICから25km,管理棟、売店、炊事棟、トイレ、自動販売機、食堂、夜間照明、ファイヤーサークル、子供の遊具、多目的広場、BBQ場,シーズン営業7月1日～9月1日,14:00,10:00,019-681-5132,https://www.city.morioka.iwate.jp/kankou/taiken/1000894.html
つぶ沼広場キャンプ場,3,岩手県奥州市胆沢区若柳谷子沢,東北自動車道水沢ICから国道4号・397号で石淵方面へ。石淵ダム先の左手に現。水沢ICから30km,炊事棟、オートサイト電源なし(5区画)、トイレなど,シーズン営業4月下旬～11月15日,フリー,フリー,0197-34-0313,https://www.city.oshu.iwate.jp/map/18416.html
花泉運動公園キャンプ場,3,岩手県一関市花泉町花泉伊勢沢22,東北自動車道一関ICから約30分,,シーズン営業5月～10月末,フリー,フリー※宿泊施設はイン17:00まで,0191-82-1086,http://www.ichinoseki-sports.or.jp/shisetsu/hanaizumi/camp.html
刈生沢の滝渓流公園,3,岩手県一関市花泉町金沢,東北自動車道一関ICから国道342号で一関市街へ。さらに登米方面へ進み、花泉で県道21号へ左折、藤沢方面へ進み一般道経由で現へ。一関ICから25km,炊事棟、トイレ、夜間照明、多目的広場など,通年営業,フリー,フリー,0191-82-2211,https://www.ichitabi.jp/spot/data.php?p=115
黄金山キャンプ場,3,岩手県一関市千厩町小梨,東北自動車道一関ICから国道342号・4号・284号で千厩町千厩へ。前田交差点で一般道へ右折、新峠方面へ進み9kmで現。一関ICから26km,,シーズン営業５月１日～１０月３１日,フリー,フリー,0191-52-2496,https://iwatetabi.jp/spot/detail.spn.php?spot_id=368
姉吉キャンプ場,3,岩手県宮古市重茂姉吉,"アクセス
JR宮古駅からバスで70分　バス停姉吉下車徒歩約20分
JR宮古駅から車で45分
東北自動車道盛岡南ICから車で160分",,通年営業（日帰り専門）,,日帰り専門,0193-68-2316,https://www.city.miyako.iwate.jp/kanko/canp_stop.html
玉川野営場,3,岩手県九戸郡野田村玉川,〔最寄駅〕三陸鉄道　野田玉川駅から約1km,,シーズン営業５月１日～１０月３１日,フリー,フリー,0194-78-2963,https://www.noda-kanko.com/kankou/stay/tamagawacamp.html
久慈平岳キャンプ場,3,岩手県九戸郡洋野町上舘第55割49-3,二戸駅 → 【バス120分】 向田バス停 → 【徒歩60分】 久慈平岳キャンプ場、軽米IC → 【車60分】 久慈平岳キャンプ場,,5月1日～11月15日営業,フリー,フリー,0194-77-2111,https://iwatetabi.jp/spot/detail.spn.php?spot_id=92
姫神山一本杉園地キャンプ場,3,岩手県盛岡市玉山区馬場前田33-162,東北自動車道滝沢ICから国道4号で玉山方面へ。渋民の先、芋田で一般道へ右折し約5km。滝沢ICから15km,炊事棟、トイレ、夜間照明など,シーズン営業4月上旬～11月下旬,フリー,フリー,019-683-3852,https://www.city.morioka.iwate.jp/shisetsu/sports/koen/1035887.html
二戸市民の森,3,岩手県二戸市金田一大清水,いわて銀河鉄道線 金田一温泉駅より車で約18分,トイレ(非水洗)、炊事場など,要確認,フリー,フリー,0195-23-3111,https://iwatetabi.jp/spot/detail.spn.php?spot_id=1064
稲庭岳キャンプ場,3,岩手県二戸市浄法寺町山内73,八戸自動車道浄法寺ICから県道6号で安代方面へ。たから橋で県道181号へ右折し約6km。浄法寺ICから15km,管理棟、炊事棟、トイレ、ファイヤーサークル、子供の遊具、多目的広場など,シーズン営業5～10月,フリー,フリー,0195-38-4473,https://www.city.ninohe.lg.jp/info/2112
源兵衛平高原キャンプ場,3,岩手県宮古市刈屋第9割98-6,岩手刈屋駅から車で30分,,4月～10月,フリー,フリー,0193-72-2111,https://www.city.miyako.iwate.jp/index/sosiki/n_shisho.html
大間崎テントサイト,2,青森県下北郡大間町大字大間字大間平17-1,"下北駅からバスで100分（下北交通佐井線下り「大間崎」停留所下車）
大間崎から徒歩で1分","テントサイト
炊事棟
休憩所",シーズン営業4月中旬から10月,フリー,フリー,0175-37-2111,https://oma-wide.net/menu/oomazaki_camp/
椿山キャンプ場,2,青森県東津軽郡平内町東田沢横峰,小湊駅から車で30分,"冬期間は公衆トイレ・炊事場は凍結防止のため閉鎖（止水）しております。
 ※公衆トイレは11月末まで、炊事場は10月末までご利用できます。",通年営業,フリー,フリー,017-755-2118,"https://www.town.hiranai.aomori.jp/index.cfm/7,132,30,129,html"
わかさぎ公園浜台キャンプ場,2,青森県上北郡東北町熊堂3-4,【車】第二みちのく有料道路上北ICから20分,シャワー、水洗トイレ、管理棟,シーズン営業5～10月末,フリー,フリー,0175-62-2581,https://www.aptinet.jp/Detail_display_00000611.html
青森県民の森梵珠山キャンプ場,2,青森県青森市浪岡大釈迦字沢内沢1-1,"JR青森駅前弘南バス乗り場より、五所川原行き乗車、大釈迦北口下車。バス停より自然ふれあいセンターまで4km（徒歩約40分）
JR奥羽本線、大釈迦駅下車（登山口まで5km、徒歩約1時間）",テント:10張（4～6人用）、水洗トイレ（車椅子可）,シーズン営業開設期間:6月上旬～9月下旬,フリー,フリー,0172-62-4527,https://www.aptinet.jp/Detail_display_00000097.html
滝ノ沢ふるさと砂防愛ランド,2,青森県北津軽郡中泊町中里区,不動の滝まで徒歩約20分。キャンプ場の利用は事前予約が必要。,"キャンプサイト
森のやぐら
せせらぎ広場",シーズン営業4月～11月,フリー,フリー,0173-57-2111,https://www.aptinet.jp/Detail_display_00000458.html
高野崎キャンプ場,2,青森県東津軽郡今別町袰月村下,東北自動車道青森ICから国道7号・280号で蟹田方面へ。さらに今別町方面へ進み、高野崎目標に現地へ。青森ICから60km,"サイト数・状況	テント専用約100張り収容、サイトは草
場内施設	管理棟、売店、炊事棟、トイレ、温水シャワー、夜間照明、自動販売機",4月下旬～10月末日まで,フリー,フリー,0174-35-3005,https://www.town.imabetsu.lg.jp/sightseeing/tourist/takanosaki.html
鶴居村キャンプ場,1,北海道阿寒郡鶴居村鶴居西8,釧路市内より道道53号、道道1093号経由で35km、車で約45分。,テント専用サイト(約100張)、自動販売機、炊事場、バーベキュー場、水洗トイレなど,シーズン営業5月1日～10月末,フリー,フリー,,
北海道立トムテ文化の森キャンプ場,1,北海道名寄市日進なよろ健康の森,道央自動車道・士別剣淵ICより30km、車で約45分。,管理棟、テント専用サイト(20区画)、炊事場、野外炉、バーベキュー場、自動販売機、水洗トイレなど,シーズン営業5月1日～10月末まで,フリー,フリー,,
山部自然公園太陽の里キャンプ場,1,北海道富良野市山部西19線,道東自動車道・占冠ICより41km、車で約55分。,管理棟、テント専用サイト(約500張)、宿泊棟、炊事場、売店、自動販売機、レストラン、ファイヤーサークル、テニスコート、パークゴルフ場、温水シャワー、洗濯機、水洗トイレ、アスレチック遊具など,シーズン営業5月上旬～10月中旬まで,フリー,フリー,,
東大沼キャンプ場,1,北海道亀田郡七飯町東大沼,道央自動車道・大沼公園ICより10㎞、車で約20分。,テント専用サイト、炊事場、トイレなど,シーズン営業5月上旬～10月下旬まで,フリー,フリー,,
キムアネップ岬キャンプ場,1,北海道常呂郡佐呂間町幌岩,網走市中心部からオヨ路50km、車で約55分。,テント専用サイト、炊事場、コインシャワー、トイレなど,シーズン営業6月上旬～9月まで,フリー,フリー,,
みさき台公園キャンプ場,1,北海道苫前郡初山別村豊岬みさき台公園内,,管理棟、テント専用サイト(約80張)、バンガロー9棟、炊事場、自動販売機、水洗トイレなど,"シーズン営業キャンプ場は4月下旬から10月下旬まで
バンガロー利用期間は、5月1日から10月31日までの6ヶ月間",13:00,12:00,,
岩尾内湖白樺キャンプ場,1,北海道士別市朝日町岩尾内,道央自動車道・士別剣淵ICより39km、車で約70分。,管理棟、オートフリーサイト(約200台)、炊事場、温水シャワー、売店、自動販売機、ランドリー、水洗トイレなど,シーズン営業5月上旬～10月末まで,フリー,フリー,,
ナウマン公園キャンプ場,1,北海道中川郡幕別町忠類白銀町390-4,帯広広尾自動車道・中札内ICより23km、車で約25分。,テント専用サイト(約20張)、炊事場、バーベキュー場、自動販売機、遊具、パークゴルフ場、水洗トイレなど,シーズン営業5月1日～11月3日まで,フリー,フリー,,
西神楽公園キャンプ場,1,北海道旭川市西神楽南1条1西神楽公園内,道央自動車道・旭川鷹栖ICより17km、車で約30分。,管理棟、テント専用サイト(約20張)、炊事場、遊具、東屋、トイレなど,シーズン営業7月1日～8月末まで,フリー,フリー,,
川下海浜施設,1,北海道石狩市浜益区川下15-2先,道央自動車道・滝川ICより61km、車で約85分。,管理棟、テント専用サイト(約300張)、炊事場、水洗トイレなど,シーズン営業5月上旬～10月末まで,フリー,フリー,,
かもめ島キャンプ場,1,北海道檜山郡江差町鴎島,道央自動車道・大沼公園ICより70km、車で約80分。,テント専用サイト(約50張)、水場、シャワー(冷水)、水洗トイレなど,シーズン営業7月中旬～8月中旬まで,フリー,フリー,,
稚内森林公園キャンプ場,1,北海道稚内市ヤムワッカナイ,"国道40号線から：約3.5km
　道道から：約1.5km
　市街から：約2.0km
　稚内駅から：約3.0km",テント専用サイト(約100張)、炊事場、野外炉、水洗トイレなど,シーズン営業5月1日～10月末まで,フリー,フリー,,
きりたっぷ岬キャンプ場,1,北海道厚岸郡浜中町湯沸41,釧路市中心部からおよそ82km、車で約1時間半。,管理棟、テント専用サイト(約100張)、バンガロー(18棟)、炊事場、簡易水洗トイレ、ランドリー、ドッグラン、ゴミステーション、など,シーズン営業6月中旬～10月中旬まで,14:00,12:00,,
湯の沢水辺公園,1,北海道北斗市茂辺市ノ渡462-1,道央自動車道・大沼公園ICより40km、車で約50分。,オートサイト(35区画)、炊事場、水洗トイレなど,シーズン営業4月中旬～11月上旬まで,フリー,フリー,,
呼人浦キャンプ場,1,北海道網走市呼人,網走市中心部からおよそ5.5km、車で約10分。,テント専用サイト(約100張)、炊事場、水洗トイレ,シーズン営業4月下旬～9月下旬まで,フリー,フリー,,
旭川市21世紀の森ふれあい広場,1,北海道旭川市東旭川町瑞穂904,道央自動車道・旭川北ICより28km、車で約55分。,テント専用サイト(約50張)、水場、多目的広場、水洗トイレなど,シーズン営業5月下旬～11月上旬まで,16:00,10:00,,
黄金岬キャンプ場,1,北海道留萌市大町,深川留萌自動車道・留萌大和田ICより9km、車で約15分。,テント専用サイト(約20張)、炊事場、自動販売機、水洗トイレ,シーズン営業4月下旬～10月上旬まで,フリー,フリー,,
来止臥野営場,1,北海道釧路郡釧路町昆布森来止臥,釧路市役所よりおよそ20㎞、車で約35分。,オートフリーサイト(約100台)、炊事場、トイレなど,シーズン営業7月中旬～10月下旬まで,フリー,フリー,,
道営野塚野営場,1,北海道積丹郡積丹町野塚町浜中,札樽自動車道・小樽ICより61km、車で約80分。,テント専用サイト(約100張)、炊事場、水洗トイレなど,シーズン営業5月上旬～10月末まで,フリー,フリー,,
北村中央公園ふれあい広場,1,北海道岩見沢市北村赤川156-1,道央自動車道・岩見沢ICより12.5㎞、車で約20分。,管理棟、テント専用サイト(約100張)、炊事場、自動販売機、遊具、水洗トイレなど,シーズン営業4月29日～10月31日まで,フリー,フリー,,
層雲峡野営場,1,北海道上川郡上川町層雲峡,旭川紋別自動車道・上川層雲峡ICより21km、車で約20分。,管理棟、テント専用サイト(約20張)、炊事場、水洗トイレなど,シーズン営業7月上旬～9月末まで,フリー,フリー,,
ウスタイベ千畳岩キャンプ場,1,北海道枝幸郡枝幸町岬町,道央自動車道・士別剣淵ICより123km、車で約2時間。,オートサイト(フリー約150台)、炊事場、多目的広場、トイレなど,シーズン営業6月1日～10月末まで,フリー,フリー,,
サホロ湖キャンプ場,1,北海道上川郡新得町新内サホロ湖,道東自動車道・十勝清水ICより27km、車で約45分。,テント専用サイト(約500張)、炊事場、ファイヤーサークル、多目的広場、遊具、水洗トイレなど,シーズン営業5月1日～10月末まで,フリー,フリー,,
アルトリ岬キャンプ場,1,北海道伊達市南有珠町107,道央自動車道・伊達ICより12km、車で約20分。,テント専用サイト(約20張)、炊事場、トイレなど,シーズン営業4月下旬～10月末まで,フリー,フリー,,
札内川園キャンプ場,1,北海道河西郡中札内村南札内713,帯広広尾自動車道・芽室帯広ICより53km、車で約65分。,管理棟、オートサイト(約50台)、宿泊棟、売店、自動販売機、カフェ、レストラン、炊事場、バーベキューハウス、温水シャワー、トイレ、遊具広場、テニスコート、パークゴルフ場など,シーズン営業4月上旬～10月下旬まで(ご利用前に現へお問い合わせください。),フリー(宿泊施設は15:00または17:00),フリー,,
賀老高原キャンプ場,1,北海道島牧郡島牧村賀老,黒松内新道・黒松内ICより65km、車で約100分。,テント専用サイト(約100張)、炊事場、トイレなど,シーズン営業6月下旬～10月下旬まで,フリー,フリー,,
チミケップ湖キャンプ場,1,北海道網走郡津別町沼沢204-1,北見市中心部よりおよそ24km、車で約45分。,テント専用サイト(約30張)、炊事場、水洗トイレ,シーズン営業5月中旬～10月末まで(ご利用前にご確認お願いします),フリー,フリー,,
旭川市春日青少年の家,1,北海道旭川市江丹別町春日84,道央自動車道・旭川鷹栖ICより8km、車で約15分。,管理棟、テントサイト、炊事場、水洗トイレなど,シーズン営業5月1日～10月末まで,フリー,フリー,,
若者の郷グリーンパークキャンプ場,1,北海道旭川市江丹別町清水,道央自動車道・旭川鷹栖ICより21km、車で約30分。,管理棟、テント専用サイト(約27張)、炊事場、野外炉、ファイヤーサークル、多目的広場、水洗トイレ、展望台など,シーズン営業5月1日～10月末まで(ロッジは4月1日～11月末まで),9:00(ロッジは16:00),17:00,,
神楽岡公園少年キャンプ村,1,北海道旭川市神楽岡公園内,道央自動車道・旭川鷹栖ICより10km、車で約20分。JR旭川駅より徒歩25分。,テント専用サイト(約20張)、炊事場、温水シャワー、休憩所、遊具、トイレなど,シーズン営業7月1日～8月末まで,フリー,フリー,,
上芦別公園,1,北海道芦別市上芦別町,道央自動車道・滝川ICより31km、車で約45分。,テント専用サイト(約30張)、洗い場、トイレなど,シーズン営業5月1日～10月末まで,フリー,フリー,,
羊蹄山半月湖野営場,1,北海道虻田郡倶知安町高嶺,札幌自動車道・小樽ICより69km、車で約80分。,テント専用サイト(約10張)、洗い場、水洗トイレなど,シーズン営業6月上旬～10月下旬(積雪の状況により変動あり),フリー,フリー,,
徳舜瞥山麓キャンプ場,1,北海道伊達市大滝区上野町,道央自動車道・白老ICより30km、車で約45分。,テント専用サイト(約70張)、炊事場、多目的広場、水洗トイレなど,シーズン営業5月下旬～10月下旬まで,フリー,フリー,,
湯本温泉野営場,1,北海道磯谷郡蘭越町湯里680-15,道央自動車道・黒松内南ICより44km、車で約45分。,テント専用サイト(約50張)、炊事場、トイレなど,シーズン営業7月上旬～10月下旬まで,フリー,フリー,,
田島公園キャンプ場,1,北海道雨竜郡沼田町旭町,深川留萌自動車道・沼田ICより4.3km、車で10分以内。,テント専用サイト(約20張)、炊事場、多目的広場、遊具、水洗トイレなど,シーズン営業5月1日～10月15日まで,フリー,フリー,,
北竜町金比羅公園キャンプ場,1,北海道雨竜郡北竜町三谷104-3,深川沼田道路・秩父別ICより15km、車で約20分。,テント専用サイト(約30張)、炊事場、野外炉、多目的広場、休憩場、トイレなど,シーズン営業5月1日～10月末まで,フリー,フリー,,
ほろかない湖公園,1,北海道雨竜郡幌加内町雨煙内,道央自動車道・和寒ICより31km、車で約1時間。,管理棟、オートサイト(2台)、テントサイト(約10張)、炊事場、バーベキューハウス、水洗トイレなど,シーズン営業5月上旬～10月下旬まで,フリー,フリー,,
浦河町オロマップキャンプ場,1,北海道浦河郡浦河町西舎,帯広広尾自動車道・更別ICより99km、車で約2時間。,オートサイト(フリー100)、炊事場、トイレなど,シーズン営業7月1日～8月末まで,フリー,フリー,,
賽の河原キャンプ場,1,北海道奥尻郡奥尻町稲穂,瀬棚港フェリーターミナルよりフェリー乗船(約41km)、ハートランドフェリー奥尻にて下船後11km、車で約25分。,テント専用サイト(約50張)、炊事場、自動販売機、レストラン、水洗トイレなど,シーズン営業4月下旬～10月末まで,フリー,フリー,,
北追岬キャンプ場,1,北海道奥尻郡奥尻町湯ノ浜,瀬棚港フェリーターミナルよりフェリー乗船(約41km)、ハートランドフェリー奥尻にて下船後19km、車で約45分。,テント専用サイト(約50張)、炊事場、水洗トイレなど,シーズン営業4月下旬～10月末まで,フリー,フリー,,
緑とロックの広場,1,北海道茅部郡森町霞台,東欧自動車道・森ICより10km、車で約25分。,テント専用サイト(約100張)、炊事場、バーベキュー場、野外炉、多目的広場、トイレなど,シーズン営業4月下旬～10月末まで,フリー,フリー,,
利根別自然公園キャンプ場,1,北海道岩見沢市緑が丘243,道央自動車道・岩見沢ICより2.5㎞、車で約10分。,テント専用サイト(約30張)、炊事場、トイレなど,シーズン営業4月21日～10月31日まで,フリー,フリー,,
熊戻野営場,1,北海道久遠郡せたな町北檜山区小倉山,道央自動車道・国縫ICより58㎞、車で約75分。,オートフリーサイト(約10台)、炊事場、休憩所、トイレなど,シーズン営業7月中旬～10月末まで,フリー,フリー,,
上砂川奥沢キャンプ場,1,北海道空知郡上砂川町西山43-7,道央自動車道・奈井江砂川ICより14㎞、車で約20分。,管理棟、テント専用サイト(約20張)、ログハウス、炊事場、ファイヤーサークル、水洗トイレなど,シーズン営業5月第2週～10月15日まで,12:00,10:00,,
釧路市音別町憩いの森,1,北海道釧路市音別町音別原野基線188,釧路市中心部よりおよそ59km、車で約1時間半。,管理棟、テント専用サイト(約50張)、バンガロー、炊事場、バーベキューハウス、多目的広場、トイレなど,シーズン営業5月1日～10月末まで,フリー(宿泊施設は15:00),フリー(宿泊施設は11:00),,
前浜海水浴場,1,北海道古宇郡神恵内村,札樽自動車道・小樽ICより78km、車で約1時間半。,テント専用サイト(約100張)、炊事場、温水シャワー、水洗トイレなど,シーズン営業7月中旬～8月中旬まで,フリー,フリー,,
盃野営場,1,北海道古宇郡泊村興志内村茂岩,札樽自動車道・小樽ICより74km、車で約1時間半。,テント専用サイト(約20張)、炊事場、水洗トイレ,シーズン営業6月上旬～10月中旬まで,フリー,フリー,,
士別市日向森林公園キャンプ場,1,北海道士別市多寄町日向,道央自動車道・士別剣淵ICより18km、車で約30分。,管理棟、テント専用サイト(約100張)、炊事場、トイレなど,シーズン営業5月10日～10月15日まで,フリー(宿泊施設は16:00),フリー(宿泊施設は10:00),,
天塩岳キャンプ場,1,北海道士別市朝日町天塩岳山麓,旭川紋別自動車道・比布北ICより46km、車で約2時間。,管理棟、オートフリーサイト(約50台)、ヒュッテ、炊事場、トイレなど,シーズン営業5月下旬～10月中旬まで,フリー,フリー,,
つくも水郷公園キャンプ場,1,北海道士別市東7条北9,道央自動車道・士別剣淵ICより7km、車で約20分。,テント専用サイト(約30張)、炊事場、遊具、多目的広場、水洗トイレなど,シーズン営業5月下旬～10月中旬まで,フリー,フリー,,
はまなす交流広場キャンプ場,1,北海道枝幸郡枝幸町岡島,道央自動車道・士別剣淵ICより124km、車で約2時間。,オートサイト(12区画)、炊事場、芝生広場、水洗トイレ(隣接施設利用)など,シーズン営業6月1日～10月末まで,フリー,フリー,,
うたのぼり健康回復村ふれあいの森キャンプ場,1,北海道枝幸郡枝幸町歌登辺毛内,道央自動車道・士別剣淵ICより112km、車で約2時間。,管理棟、オートフリーサイト(約20台)、炊事場、トイレなど,シーズン営業5月中旬～10月末まで,フリー,フリー,,
室蘭岳山麓総合公園自由広場,1,北海道室蘭市香川町224-1,道央自動車道・室蘭ICより8㎞、車で約15分。,"受付棟、テント専用サイト、炊事場、休憩場、研修室、テニスコートほか運動施設、水洗トイレなど
",シーズン営業4月21日～10月末まで,フリー,フリー,,
知内町ファミリースポーツ広場キャンプ場,1,北海道上磯郡知内町元町,道央自動車道・大沼公園ICより63㎞、車で約70分。,テント専用サイト(約100張)、炊事場、野外炉、遊具、多目的広場、東屋、トイレなど,シーズン営業4月末～10月末まで,フリー,フリー,,
イカリカイ駐車公園,1,北海道上磯郡知内町小谷石,道央自動車道・大沼公園ICより71km、車で約1時間半。,テント専用サイト(約20張)、水場、水洗トイレなど,シーズン営業4月下旬～11月末まで,フリー,フリー,,
知内町農村公園,1,北海道上磯郡知内町湯の里,道央自動車道・大沼公園ICより54km、車で約1時間。,テント専用サイト(約50張)、炊事場、トイレなど,シーズン営業4月中旬～10月末まで,フリー,フリー,,
十勝ダムキャンプ場,1,北海道上川郡新得町屈足トムラウシ,道東自動車道・十勝清水ICy利36km、車で約50分。,テント専用サイト(約100張)、炊事場、トイレなど,シーズン営業5月1日～10月末まで,フリー,フリー,,
狩勝高原キャンプ場,1,北海道上川郡新得町新内狩勝高原,道東自動車道・十勝清水ICより25km、車で約30分。,テント専用サイト(約200張)、炊事場、トイレなど,シーズン営業5月1日～10月末まで,フリー,フリー,,
三笠山自然公園キャンプ場,1,北海道上川郡和寒町三笠,道央自動車道・和寒ICより1.5km、車で5分以内。,管理棟、テント専用サイト(約20張)、バンガロー、炊事場、自動販売機、遊具、トイレなど,シーズン営業5月中旬～10月末まで,フリー(宿泊施設は13:00),フリー(宿泊施設は10:00),,
鷹泊自然公園,1,北海道深川市鷹泊,道央自動車道・深川ICより37km、車で約1時間。,オートフリーサイト(約20台)、水場、野外炉、水洗トイレ,シーズン営業6月上旬～10月中旬まで,フリー,フリー,,
暑寒野営場,1,北海道増毛郡増毛町暑寒沢830,深川留萌自動車道・留萌大和田ICより34km、車で約55分。,テント専用サイト(約20張)、水洗トイレ,シーズン営業6月下旬～10月上旬まで,フリー,フリー,,
雄冬キャンプ場,1,北海道増毛郡増毛町雄冬,深川留萌自動車道・留萌大和田ICより46ｋｍ、車で約1時間。,テント専用サイト(約15張)、炊事場、水洗トイレなど,シーズン営業5月下旬～10月上旬まで,フリー,フリー,,
帯広市岩内自然の村,1,北海道帯広市岩内70,帯広広尾自動車道・芽室帯広ICより50km、車で約70分。,管理棟、テント専用サイト(約100張)、炊事場、温水シャワー、多目的広場、トイレなど,シーズン営業6月1日～10月31日まで,13:00～17:00,12:00,,
中川町森林公園キャンプ場,1,北海道中川郡中川町中川,道央自動車道・士別剣淵ICより106km、車で約1時間40分。,テント専用サイト(約30張)、ログハウス、多目的広場、トイレなど,シーズン営業5月1日～10月31日,フリー,フリー,,
長節湖キャンプ場,1,北海道中川郡豊頃町長節,道東自動車道・池田ＩＣより49ｋｍ、車で約70分。,管理棟、テント専用サイト(約100張)、炊事場、売店、トイレなど,シーズン営業7月上旬～8月中旬,フリー,11:00,,
本別町静山キャンプ場,1,北海道中川郡本別町東町,道東自動車道・本別ICより6km、車で約10分。,管理棟、テント専用サイト(約200張)、バンガロー、炊事場、売店、自動販売機、アスレチック遊具、ボート、ゴーカート、水洗トイレなど,シーズン営業6月1日～9月末まで,フリー,フリー※宿泊施設はイン14:00～17:00,,
ふるさとの森森林公園キャンプ場,1,北海道天塩郡幌延町幌延101,天塩町役場からおよそ21km、車で約25分。,テント専用サイト(約80張)、炊事場、自動販売機、遊具、トイレなど,シーズン営業5月1日～10月末まで,フリー,フリー,,
大平海岸,1,北海道島牧郡島牧村大平,黒松内新道・黒松内ICより45km、車で約50分。,テント専用サイト、炊事場、トイレなど,シーズン営業7月～8月まで,フリー,フリー,,
朝日公園キャンプ場,1,北海道苫前郡羽幌町朝日,深川留萌自動車道・留萌大和田ICより59㎞、車で約70分。,管理棟、テント専用サイト(約30張)、炊事場、ファイヤーサークル、トイレなど,シーズン営業5月1日～9月末まで,フリー,フリー,,
東山樹園,1,北海道苫前郡初山別村有明,羽幌町役場からおよそ11km、車で約15分。,テント専用サイト(約50張)、野外炉(U字溝)、トイレ,シーズン営業5月中旬～10月末まで,フリー,フリー,,
川汲公園,1,北海道函館市川汲町2085,道央自動車道・大沼公園ICより50km、車で約1時間。,管理棟、テント専用サイト(約30張)、トイレ,シーズン営業5月1日～11月末まで,フリー,フリー,,
我路公園キャンプ場,1,北海道美唄市東美唄町番町,道央自動車道・美唄ICより5.5km、車で約10分。,管理棟、テント専用サイト(約60張)、炊事場、遊具、トイレなど,シーズン営業5月～10月下旬まで,フリー,フリー,,
おんねゆ温泉つつじ公園キャンプ場,1,北海道北見市留辺蘂町花丘,北見市中心部よりおよそ33km、車で約45分。,テント専用サイト(約100張)、炊事場、多目的広場、遊具、トイレなど,シーズン営業5月1日～10月末まで,フリー,フリー,,
上磯ダム公園,1,北海道北斗市戸切21-12,道央自動車道・大沼公園ICより25km、車で約40分。,管理棟、テント専用サイト(約200張)、炊事場、ファイヤーサークル、水洗トイレなど,シーズン営業4月中旬～11月上旬まで,フリー,フリー,,
天塩岳道立自然公園ウエンシリキャンプ場,1,北海道紋別郡西興部村上藻,旭川紋別自動車道・浮島ICより56km、車で約85分。,オートフリーサイト(約60台)、バンガロー、トイレ,シーズン営業5月上旬～10月下旬まで,フリー,フリー,,
西興部森林公園キャンプ場,1,北海道紋別郡西興部村西興部82,紋別自動車道・浮島ICより66km、車で約100分。,管理棟、テント専用サイト(約30張)、ログハウス、炊事場、野外炉、自動販売機、アスレチック遊具、水洗トイレなど,シーズン営業4月下旬～10月末まで,15:00,10:00,,
浜中モイレ海水浴場,1,北海道余市郡余市町浜中町海浜,札樽自動車道・小樽ICより23km、車で約35分。,管理棟、テント専用サイト、炊事場、温水シャワー、トイレなど,シーズン営業7月中旬～8月中旬まで,フリー,フリー,,
様似ダムキャンプ場,1,北海道様似郡様似町新富,日高自動車道・日高門別ICより99km、車で約2時間。,テント専用サイト(約20～30張)、炊事場、ファイヤーサークル、水場(飲用不可)、トイレ(汲取り式)、など,通年営業,フリー,フリー,,
利尻島ファミリーキャンプ場ゆ～に,1,北海道利尻郡利尻富士町鴛泊栄町,利尻島・鴛泊港より2km、車で約5分。,管理棟、テント専用サイト(約30張)、宿泊棟、炊事場、自動販売機、多目的広場、水洗トイレなど,シーズン営業5月1日～10月31日まで,14:00～19:00,7:00～10:00,,
神居岩公園グリーンスポーツキャンプ場,1,北海道留萌市マサリベツ,深川留萌自動車道・留萌大和田ICより7km、車で15分。,管理棟、テント専用サイト(約30張)、炊事場、自動販売機、アスレチック遊具、パークゴルフコース、トイレなど,シーズン営業5月下旬～10月下旬まで,フリー,フリー,,
厚沢部町土橋自然観察教育林・レクの森,1,北海道檜山郡厚沢部町緑町,道央自動車道・大沼公園ICより56km、車で約1時間。,管理棟、テント専用サイト(約30張)、バンガロー、炊事場、自動販売機、バーベキュー場、アスレチック遊具、森林展館、水洗トイレなど,シーズン営業4月上旬～10月下旬まで,フリー(宿泊施設は13:00～16:00),フリー(宿泊施設は10:00),,
夷王山キャンプ場,1,北海道檜山郡上ノ国町勝山,道央自動車道・大沼公園ICより82km、車で約1時間半。,オートサイト(フリー10台)、テント専用サイト(約50張)、炊事場、多目的広場、遊具広場、トイレなど,シーズン営業5月1日～10月末まで,フリー,フリー,,
はぼろサンセットビーチ,1,北海道苫前郡羽幌町港町5-16番先,深川留萌自動車道・留萌大和田ICより67㎞、車で約65分。,管理棟、テント専用サイト(約300張)、炊事場、レストラン、温水シャワー、遊具、自動販売機、水洗トイレなど,シーズン営業7月上旬～8月中旬まで,13:00,10:00,,
ゴールデンビーチるもい,1,北海道留萌市沖見町崎,"電車/ＪＲ留萌駅からバスで20分、ＪＲ瀬越駅から徒歩10分
車/留萌市街より10分弱","砂は無料、芝の有料サイト有り
トイレ/バリアフリートイレ有
休憩所/海の家3軒有
シャワー/有(温水)※北監視棟3分300円、南監視棟3分300円
更衣室/有
ＢＢＱ/可
ゴミ捨て場/有
","シーズン営業7/12～8/24
10時～16時",フリー,フリー,,
